variable,corr_with_zip_slow_rate
median_income,-0.46336028851843103
poverty_rate,0.3466346771870556
renter_rate,0.12851243040495755
hpd_violations,0.35307353259028323
workload,0.20224168452874566
