model,test_weeks,mae_days,rmse_days
last_observation,13,0.18135105056980058,0.2966293646859987
moving_average_4w,13,0.1796287464575134,0.29794387375183645
ar1,13,0.8150753117025307,0.9375472537956497
